{"episode return": -10.733624227810584, "episode cost": 0.0, "25ep mov avg return": -8.130972432500407, "25ep mov avg cost": 1.75, "_step": 3, "_runtime": 7, "_timestamp": 1611900007}