{"average ep ret": 0.14380991522516828, "average ep cost": 111.0, "_step": 1336, "_runtime": 2085, "_timestamp": 1613612769, "10p mov avg ret": -16664.98828125, "10p mov avg cost": 183.39999389648438, "current penalty": 17.462324894190406, "cost rate": 0.06771832460732985, "reward rate": 5.199738347717605e-05}