{"average ep ret": -4.8701119081983295, "average ep cost": 22.0, "_step": 611, "_runtime": 1024, "_timestamp": 1613605839, "10p mov avg ret": -1247.256103515625, "10p mov avg cost": 21.0, "current penalty": 2.6173248488908714, "cost rate": 0.02977241379310345, "reward rate": -0.0010330715135596265}