{"episode return": 23.615311156924033, "episode cost": 43.0, "25ep mov avg return": 24.652381776890653, "25ep mov avg cost": 36.416666666666664, "_step": 11, "_runtime": 21, "_timestamp": 1611900142}