{"average ep ret": -1.1149759420979324, "average ep cost": 27.0, "_step": 853, "_runtime": 1850, "_timestamp": 1613607698, "10p mov avg ret": -3544.26611328125, "10p mov avg cost": 41.0, "current penalty": 10.860324848414042, "cost rate": 0.06691639344262296, "reward rate": 6.771586058569736e-05}