{"average ep ret": 1.0310092076550463, "average ep cost": 0.0, "_step": 440, "_runtime": 739, "_timestamp": 1613606587, "10p mov avg ret": -5959.44189453125, "10p mov avg cost": 75.5999984741211, "current penalty": 4.00132482242641, "cost rate": 0.06098412698412698, "reward rate": 0.00010379758562360492}