{"average ep ret": 1.9853505496764905, "average ep cost": 0.0, "_step": 135, "_runtime": 251, "_timestamp": 1613604808, "10p mov avg ret": -755.4232177734375, "10p mov avg cost": 15.399999618530273, "current penalty": 2.2433248717790564}