{"average ep ret": -0.08345785797053651, "average ep cost": 0.0, "_step": 504, "_runtime": 850, "_timestamp": 1613610493, "10p mov avg ret": -8392.021484375, "10p mov avg cost": 101.4000015258789, "current penalty": 5.635324861527057, "cost rate": 0.06415, "reward rate": 8.30690754784478e-05}