{"average ep ret": 1.7215650997911573, "average ep cost": 223.0, "_step": 31, "_runtime": 71, "_timestamp": 1613608031, "10p mov avg ret": -2404.787353515625, "10p mov avg cost": 48.79999923706055, "current penalty": 1.040324812651248, "cost rate": 0.07495, "reward rate": -0.00014008975028991698}