{"average ep ret": -0.7489151991977305, "average ep cost": 13.0, "_step": 87, "_runtime": 201, "_timestamp": 1613607952, "10p mov avg ret": -5081.6103515625, "10p mov avg cost": 125.5999984741211, "current penalty": 1.058324790716739, "cost rate": 0.058616666666666664, "reward rate": -8.70988925298055e-05}