{"average ep ret": -0.5417804932861712, "average ep cost": 0.0, "_step": 98, "_runtime": 163, "_timestamp": 1613610664, "10p mov avg ret": -2041.780029296875, "10p mov avg cost": 44.20000076293945, "current penalty": 1.0733247907167391, "cost rate": 0.0576, "reward rate": -7.672820772443499e-06}