{"average ep ret": -1.413295922243433, "average ep cost": 72.0, "_step": 354, "_runtime": 1027, "_timestamp": 1613604539, "10p mov avg ret": -2240.860107421875, "10p mov avg cost": 34.79999923706055, "current penalty": 2.371324830771059}