{"average ep ret": 2.5080644894776345, "average ep cost": 64.0, "_step": 672, "_runtime": 1592, "_timestamp": 1613609633, "10p mov avg ret": -10988.89453125, "10p mov avg cost": 130.8000030517578, "current penalty": 7.870324838877293, "cost rate": 0.06526875, "reward rate": 8.197236855824788e-05}